<?xml version="1.0" encoding="UTF-8"?>
<project-private xmlns="http://www.netbeans.org/ns/project-private/1">
    <editor-bookmarks xmlns="http://www.netbeans.org/ns/editor-bookmarks/2" lastBookmarkId="1">
        <file>
            <url>src/orderingsystem/QuantityDialog.java</url>
            <bookmark id="1">
                <name/>
                <line>18</line>
                <key/>
            </bookmark>
        </file>
    </editor-bookmarks>
    <open-files xmlns="http://www.netbeans.org/ns/projectui-open-files/2">
        <group>
            <file>file:/C:/Users/Mark/OneDrive/Documents/NetBeansProjects/OrderingSystem/src/orderingsystem/admin.java</file>
            <file>file:/C:/Users/Mark/OneDrive/Documents/NetBeansProjects/OrderingSystem/src/orderingsystem/userpanel.java</file>
            <file>file:/C:/Users/Mark/OneDrive/Documents/NetBeansProjects/OrderingSystem/src/orderingsystem/ads.java</file>
            <file>file:/C:/Users/Mark/OneDrive/Documents/NetBeansProjects/OrderingSystem/src/orderingsystem/FoodItemPanel.java</file>
            <file>file:/C:/Users/Mark/OneDrive/Documents/NetBeansProjects/OrderingSystem/src/orderingsystem/QuantityDialog.java</file>
            <file>file:/C:/Users/Mark/OneDrive/Documents/NetBeansProjects/OrderingSystem/src/orderingsystem/OrderItemPanel.java</file>
            <file>file:/C:/Users/Mark/OneDrive/Documents/NetBeansProjects/OrderingSystem/src/orderingsystem/Login.java</file>
            <file>file:/C:/Users/Mark/OneDrive/Documents/NetBeansProjects/OrderingSystem/src/orderingsystem/cashierpanel.java</file>
        </group>
    </open-files>
</project-private>
